;Date;sentiment
0;2008-08-08;-0.5197712
1;2008-08-11;-0.13671991
2;2008-08-12;-0.30117074
3;2008-08-13;-0.61566126
4;2008-08-14;-0.39918765
5;2008-08-15;-0.58466274
6;2008-08-18;-0.56352323
7;2008-08-19;-0.54858106
8;2008-08-20;-0.14306101
9;2008-08-21;-0.12588553
10;2008-08-22;-0.087055944
11;2008-08-25;-0.42006382
12;2008-08-26;-0.50104225
13;2008-08-27;-0.3430907
14;2008-08-28;-0.2888873
15;2008-08-29;-0.38144165
16;2008-09-02;-0.5724812
17;2008-09-03;0.29697022
18;2008-09-04;-0.37808067
19;2008-09-05;-0.33255997
20;2008-09-08;-0.29963487
21;2008-09-09;-0.26590905
22;2008-09-10;-0.5506634
23;2008-09-11;-0.33893317
24;2008-09-12;-0.37399665
25;2008-09-15;-0.36990118
26;2008-09-16;-0.32059124
27;2008-09-17;-0.54400194
28;2008-09-18;-0.45736927
29;2008-09-19;-0.60916644
30;2008-09-22;0.29283023
31;2008-09-23;-0.29284334
32;2008-09-24;-0.525653
33;2008-09-25;-0.20065865
34;2008-09-26;-0.31508964
35;2008-09-29;-0.2682973
36;2008-09-30;-0.4182404
37;2008-10-01;-0.54007566
38;2008-10-02;-0.28046423
39;2008-10-03;-0.2050266
40;2008-10-06;-0.33667293
41;2008-10-07;-0.041059054
42;2008-10-08;0.015337902
43;2008-10-09;-0.65045935
44;2008-10-10;-0.34626025
45;2008-10-13;0.062809974
46;2008-10-14;-0.19842404
47;2008-10-15;-0.0874895
48;2008-10-16;-0.033769213
49;2008-10-17;0.07444314
50;2008-10-20;-0.18675403
51;2008-10-21;-0.43043223
52;2008-10-22;-0.33474004
53;2008-10-23;-0.29364163
54;2008-10-24;-0.4086334
55;2008-10-27;-0.3328578
56;2008-10-28;-0.58331734
57;2008-10-29;-0.08770941
58;2008-10-30;-0.03856365
59;2008-10-31;-0.42198443
60;2008-11-03;-0.39310306
61;2008-11-04;-0.60483354
62;2008-11-05;0.116352595
63;2008-11-06;-0.05824689
64;2008-11-07;-0.1850595
65;2008-11-10;-0.26455137
66;2008-11-11;-0.1855677
67;2008-11-12;-0.6144849
68;2008-11-13;-0.07082422
69;2008-11-14;-0.30700374
70;2008-11-17;-0.365066
71;2008-11-18;-0.29511374
72;2008-11-19;-0.49021655
73;2008-11-20;-0.40870887
74;2008-11-21;-0.5974464
75;2008-11-24;-0.1891426
76;2008-11-25;-0.21372199
77;2008-11-26;-0.3588372
78;2008-11-28;-0.048056275
79;2008-12-01;-0.5550021
80;2008-12-02;0.027511055
81;2008-12-03;-0.45967618
82;2008-12-04;-0.5465504
83;2008-12-05;-0.329608
84;2008-12-08;-0.20213065
85;2008-12-09;-0.50659645
86;2008-12-10;-0.4052208
87;2008-12-11;-0.49714428
88;2008-12-12;-0.44103828
89;2008-12-15;-0.2789209
90;2008-12-16;-0.51347446
91;2008-12-17;-0.52720046
92;2008-12-18;-0.19370717
93;2008-12-19;-0.58559954
94;2008-12-22;-0.68191713
95;2008-12-23;-0.30104464
96;2008-12-24;0.07444988
97;2008-12-26;-0.6811203
98;2008-12-29;-0.5210538
99;2008-12-30;-0.68666553
100;2008-12-31;-0.55160695
101;2009-01-02;-0.2049156
102;2009-01-05;-0.49426547
103;2009-01-06;-0.16422646
104;2009-01-07;-0.645562
105;2009-01-08;-0.516077
106;2009-01-09;-0.016247869
107;2009-01-12;-0.09583124
108;2009-01-13;-0.65395504
109;2009-01-14;-0.6340371
110;2009-01-15;-0.30027166
111;2009-01-16;-0.5046163
112;2009-01-20;-0.4470335
113;2009-01-21;-0.411328
114;2009-01-22;-0.120770596
115;2009-01-23;-0.6806904
116;2009-01-26;-0.1268861
117;2009-01-27;-0.055140793
118;2009-01-28;-0.27098623
119;2009-01-29;-0.01319325
120;2009-01-30;-0.5800718
121;2009-02-02;-0.050851513
122;2009-02-03;-0.28378454
123;2009-02-04;-0.4327278
124;2009-02-05;-0.3993109
125;2009-02-06;-0.34776986
126;2009-02-09;-0.4693409
127;2009-02-10;-0.09640932
128;2009-02-11;-0.40223533
129;2009-02-12;-0.32589787
130;2009-02-13;-0.18460207
131;2009-02-17;-0.27762556
132;2009-02-18;-0.2658814
133;2009-02-19;0.11392145
134;2009-02-20;-0.23457678
135;2009-02-23;-0.29154974
136;2009-02-24;-0.17986614
137;2009-02-25;-0.35323027
138;2009-02-26;-0.01639463
139;2009-02-27;-0.63779265
140;2009-03-02;-0.11411276
141;2009-03-03;-0.22140872
142;2009-03-04;-0.27844983
143;2009-03-05;-0.6633698
144;2009-03-06;-0.65861803
145;2009-03-09;-0.17567337
146;2009-03-10;-0.36695105
147;2009-03-11;-0.39326704
148;2009-03-12;-0.43249565
149;2009-03-13;0.058830224
150;2009-03-16;-0.5503015
151;2009-03-17;-0.3302769
152;2009-03-18;-0.50473106
153;2009-03-19;-0.3968164
154;2009-03-20;-0.20132728
155;2009-03-23;-0.33866876
156;2009-03-24;-0.43897915
157;2009-03-25;-0.6401949
158;2009-03-26;-0.55738443
159;2009-03-27;-0.34716877
160;2009-03-30;-0.3429998
161;2009-03-31;-0.324862
162;2009-04-01;-0.37825903
163;2009-04-02;-0.19295992
164;2009-04-03;-0.43136173
165;2009-04-06;-0.35799748
166;2009-04-07;-0.45515037
167;2009-04-08;0.22760923
168;2009-04-09;-0.35717446
169;2009-04-13;-0.4222458
170;2009-04-14;-0.45679682
171;2009-04-15;-0.41542345
172;2009-04-16;-0.5383935
173;2009-04-17;-0.09039176
174;2009-04-20;-0.3745973
175;2009-04-21;-0.13373807
176;2009-04-22;-0.14075181
177;2009-04-23;-0.22314772
178;2009-04-24;-0.24622945
179;2009-04-27;-0.08596848
180;2009-04-28;-0.24124746
181;2009-04-29;0.016951937
182;2009-04-30;-0.45686856
183;2009-05-01;-0.31952447
184;2009-05-04;-0.52615196
185;2009-05-05;-0.4035243
186;2009-05-06;-0.06755803
187;2009-05-07;0.03791563
188;2009-05-08;-0.07401839
189;2009-05-11;-0.108819604
190;2009-05-12;-0.06004355
191;2009-05-13;-0.33147368
192;2009-05-14;-0.29820907
193;2009-05-15;-0.08715433
194;2009-05-18;-0.27205116
195;2009-05-19;-0.6771573
196;2009-05-20;-0.7785801
197;2009-05-21;-0.6106263
198;2009-05-22;-0.3716919
199;2009-05-26;-0.68165123
200;2009-05-27;-0.53223467
201;2009-05-28;0.22542992
202;2009-05-29;-0.53832114
203;2009-06-01;-0.11265956
204;2009-06-02;-0.0061129825
205;2009-06-03;-0.19336112
206;2009-06-04;-0.26284543
207;2009-06-05;-0.448141
208;2009-06-08;-0.16735803
209;2009-06-09;-0.45196256
210;2009-06-10;0.008466887
211;2009-06-11;-0.23940119
212;2009-06-12;-0.19835567
213;2009-06-15;-0.45917144
214;2009-06-16;-0.20684285
215;2009-06-17;-0.4289256
216;2009-06-18;-0.54123867
217;2009-06-19;-0.19256495
218;2009-06-22;-0.23682761
219;2009-06-23;-0.42886814
220;2009-06-24;-0.6601347
221;2009-06-25;-0.34904462
222;2009-06-26;-0.5360538
223;2009-06-29;-0.38206702
224;2009-06-30;-0.57040656
225;2009-07-01;-0.27905113
226;2009-07-02;-0.16220114
227;2009-07-06;-0.35697132
228;2009-07-07;-0.3910965
229;2009-07-08;-0.31936678
230;2009-07-09;-0.101668656
231;2009-07-10;-0.3678631
232;2009-07-13;-0.34861392
233;2009-07-14;-0.77863795
234;2009-07-15;-0.5490403
235;2009-07-16;-0.079596266
236;2009-07-17;-0.3362092
237;2009-07-20;-0.67108214
238;2009-07-21;-0.34202358
239;2009-07-22;-0.41400796
240;2009-07-23;-0.44826278
241;2009-07-24;-0.28976378
242;2009-07-27;-0.46056443
243;2009-07-28;-0.5083438
244;2009-07-29;-0.4625164
245;2009-07-30;-0.41644555
246;2009-07-31;-0.27351785
247;2009-08-03;-0.41121262
248;2009-08-04;-0.29483786
249;2009-08-05;-0.45961982
250;2009-08-06;-0.2007546
251;2009-08-07;-0.656431
252;2009-08-10;-0.4686951
253;2009-08-11;-0.49671674
254;2009-08-12;0.073170744
255;2009-08-13;-0.33725038
256;2009-08-14;0.026209876
257;2009-08-17;0.029805094
258;2009-08-18;-0.23126909
259;2009-08-19;-0.21940377
260;2009-08-20;-0.30796254
261;2009-08-21;-0.44163424
262;2009-08-24;-0.38751295
263;2009-08-25;-0.70408165
264;2009-08-26;-0.032215547
265;2009-08-27;-0.5231615
266;2009-08-28;-0.6109543
267;2009-08-31;-0.225198
268;2009-09-01;-0.07582264
269;2009-09-02;-0.5099373
270;2009-09-03;-0.64249134
271;2009-09-04;-0.4741098
272;2009-09-08;-0.41494435
273;2009-09-09;-0.3299654
274;2009-09-10;-0.019695787
275;2009-09-11;-0.3724397
276;2009-09-14;-0.12541099
277;2009-09-15;-0.16678372
278;2009-09-16;-0.17749687
279;2009-09-17;-0.3376457
280;2009-09-18;-0.4016234
281;2009-09-21;-0.53342545
282;2009-09-22;0.06455125
283;2009-09-23;-0.7002367
284;2009-09-24;-0.5155307
285;2009-09-25;-0.26830527
286;2009-09-28;-0.23276666
287;2009-09-29;-0.57494485
288;2009-09-30;0.27993375
289;2009-10-01;-0.32605538
290;2009-10-02;-0.3043564
291;2009-10-05;-0.4123848
292;2009-10-06;-0.48310488
293;2009-10-07;-0.23462696
294;2009-10-08;-0.47314963
295;2009-10-09;-0.36792678
296;2009-10-12;0.07726033
297;2009-10-13;-0.54022044
298;2009-10-14;-0.084863506
299;2009-10-15;0.024086082
300;2009-10-16;-0.2529291
301;2009-10-19;-0.58376217
302;2009-10-20;-0.35503253
303;2009-10-21;0.18257952
304;2009-10-22;-0.10647758
305;2009-10-23;-0.29293346
306;2009-10-26;-0.4722435
307;2009-10-27;-0.16801831
308;2009-10-28;-0.32524925
309;2009-10-29;-0.21385297
310;2009-10-30;-0.5142153
311;2009-11-02;-0.1609835
312;2009-11-03;0.09765606
313;2009-11-04;-0.25057682
314;2009-11-05;-0.29188895
315;2009-11-06;-0.57109773
316;2009-11-09;-0.53920853
317;2009-11-10;-0.14399591
318;2009-11-11;-0.26989022
319;2009-11-12;-0.3686606
320;2009-11-13;-0.2969592
321;2009-11-16;-0.4346198
322;2009-11-17;-0.27193433
323;2009-11-18;-0.17985423
324;2009-11-19;-0.51793504
325;2009-11-20;-0.48806795
326;2009-11-23;-0.47775808
327;2009-11-24;-0.25311542
328;2009-11-25;-0.26336095
329;2009-11-27;-0.07342178
330;2009-11-30;-0.51430106
331;2009-12-01;-0.6877967
332;2009-12-02;-0.25958455
333;2009-12-03;-0.17469506
334;2009-12-04;-0.5299901
335;2009-12-07;-0.4367009
336;2009-12-08;-0.40683156
337;2009-12-09;-0.17522705
338;2009-12-10;-0.13817237
339;2009-12-11;-0.28772172
340;2009-12-14;-0.44481596
341;2009-12-15;-0.1456277
342;2009-12-16;-0.48532662
343;2009-12-17;-0.544009
344;2009-12-18;-0.050618093
345;2009-12-21;-0.2568817
346;2009-12-22;-0.13454154
347;2009-12-23;-0.29625493
348;2009-12-24;-0.6066302
349;2009-12-28;-0.34636667
350;2009-12-29;-0.22297183
351;2009-12-30;-0.59536016
352;2009-12-31;-0.46553737
353;2010-01-04;-0.43266687
354;2010-01-05;-0.62827754
355;2010-01-06;-0.17274824
356;2010-01-07;-0.02493019
357;2010-01-08;-0.40015906
358;2010-01-11;-0.20188339
359;2010-01-12;-0.6948246
360;2010-01-13;-0.043363083
361;2010-01-14;-0.2432357
362;2010-01-15;-0.23619187
363;2010-01-19;-0.60569274
364;2010-01-20;-0.17850663
365;2010-01-21;-0.41566187
366;2010-01-22;-0.061092567
367;2010-01-25;-0.32699093
368;2010-01-26;-0.16305871
369;2010-01-27;-0.18183526
370;2010-01-28;-0.33639723
371;2010-01-29;-0.34699908
372;2010-02-01;-0.4996031
373;2010-02-02;-0.5192237
374;2010-02-03;-0.2575506
375;2010-02-04;-0.48912054
376;2010-02-05;-0.2387341
377;2010-02-08;-0.014469889
378;2010-02-09;-0.28098193
379;2010-02-10;-0.5509679
380;2010-02-11;-0.31144914
381;2010-02-12;-0.29806828
382;2010-02-16;-0.6650986
383;2010-02-17;-0.31164366
384;2010-02-18;-0.352889
385;2010-02-19;-0.14374854
386;2010-02-22;-0.24095404
387;2010-02-23;-0.2631777
388;2010-02-24;-0.28929028
389;2010-02-25;-0.06139527
390;2010-02-26;-0.24454613
391;2010-03-01;-0.34980845
392;2010-03-02;-0.10714407
393;2010-03-03;-0.07220878
394;2010-03-04;-0.4393488
395;2010-03-05;-0.0056055905
396;2010-03-08;-0.5383425
397;2010-03-09;-0.18599877
398;2010-03-10;-0.14205393
399;2010-03-11;-0.66592056
400;2010-03-12;-0.17603394
401;2010-03-15;-0.091356955
402;2010-03-16;-0.14313935
403;2010-03-17;-0.3438607
404;2010-03-18;-0.1608978
405;2010-03-19;-0.23790169
406;2010-03-22;-0.5459279
407;2010-03-23;-0.46103725
408;2010-03-24;-0.41875094
409;2010-03-25;-0.018160056
410;2010-03-26;-0.44149923
411;2010-03-29;-0.3544069
412;2010-03-30;-0.21425274
413;2010-03-31;-0.54640305
414;2010-04-01;-0.3464841
415;2010-04-05;-0.2838043
416;2010-04-06;-0.38010257
417;2010-04-07;-0.55073315
418;2010-04-08;-0.48513192
419;2010-04-09;-0.27736673
420;2010-04-12;-0.06019499
421;2010-04-13;-0.12651221
422;2010-04-14;-0.29031563
423;2010-04-15;-0.5570496
424;2010-04-16;-0.3474067
425;2010-04-19;-0.3757561
426;2010-04-20;-0.139905
427;2010-04-21;-0.34858075
428;2010-04-22;-0.30229145
429;2010-04-23;-0.5929761
430;2010-04-26;-0.47978392
431;2010-04-27;-0.34598032
432;2010-04-28;-0.27832088
433;2010-04-29;-0.51349264
434;2010-04-30;-0.2919714
435;2010-05-03;-0.120106116
436;2010-05-04;-0.007455355
437;2010-05-05;-0.72082216
438;2010-05-06;-0.5976844
439;2010-05-07;-0.4871232
440;2010-05-10;-0.48350438
441;2010-05-11;-0.36031494
442;2010-05-12;-0.43343133
443;2010-05-13;-0.19520986
444;2010-05-14;-0.24830237
445;2010-05-17;-0.44206133
446;2010-05-18;-0.49271202
447;2010-05-19;-0.49718055
448;2010-05-20;-0.35793513
449;2010-05-21;-0.2810727
450;2010-05-24;-0.38932115
451;2010-05-25;-0.4466787
452;2010-05-26;-0.4716943
453;2010-05-27;-0.004456687
454;2010-05-28;-0.41127667
455;2010-06-01;0.10287329
456;2010-06-02;-0.7060432
457;2010-06-03;-0.22778992
458;2010-06-04;-0.7393238
459;2010-06-07;0.13663764
460;2010-06-08;-0.7184331
461;2010-06-09;-0.12974793
462;2010-06-10;0.048448764
463;2010-06-11;-0.23997626
464;2010-06-14;-0.015135407
465;2010-06-15;-0.24746701
466;2010-06-16;-0.04342097
467;2010-06-17;-0.17527261
468;2010-06-18;-0.42192727
469;2010-06-21;-0.40578538
470;2010-06-22;-0.49796325
471;2010-06-23;-0.065651394
472;2010-06-24;-0.41775808
473;2010-06-25;-0.40340534
474;2010-06-28;-0.46935242
475;2010-06-29;-0.23281904
476;2010-06-30;-0.039873518
477;2010-07-01;-0.287382
478;2010-07-02;-0.45132875
479;2010-07-06;-0.3196056
480;2010-07-07;-0.19669524
481;2010-07-08;-0.5100048
482;2010-07-09;-0.28253442
483;2010-07-12;-0.8805009
484;2010-07-13;-0.34390157
485;2010-07-14;-0.055253822
486;2010-07-15;-0.025548095
487;2010-07-16;-0.15270081
488;2010-07-19;-0.04174874
489;2010-07-20;-0.38417396
490;2010-07-21;0.02031362
491;2010-07-22;-0.19899414
492;2010-07-23;-0.43006474
493;2010-07-26;-0.20864347
494;2010-07-27;-0.65796864
495;2010-07-28;-0.69797987
496;2010-07-29;-0.2878062
497;2010-07-30;-0.50624186
498;2010-08-02;-0.6343903
499;2010-08-03;-0.6425381
500;2010-08-04;-0.40278754
501;2010-08-05;-0.55258656
502;2010-08-06;-0.4399303
503;2010-08-09;-0.21066447
504;2010-08-10;-0.060058843
505;2010-08-11;-0.50749385
506;2010-08-12;-0.092598855
507;2010-08-13;-0.6749896
508;2010-08-16;-0.2050403
509;2010-08-17;-0.2758267
510;2010-08-18;-0.28967902
511;2010-08-19;-0.38011375
512;2010-08-20;-0.66680014
513;2010-08-23;-0.73344916
514;2010-08-24;-0.42644253
515;2010-08-25;-0.48965892
516;2010-08-26;-0.45093685
517;2010-08-27;0.10698416
518;2010-08-30;-0.38977697
519;2010-08-31;-0.6086649
520;2010-09-01;-0.65131587
521;2010-09-02;-0.060666896
522;2010-09-03;-0.4512232
523;2010-09-07;-0.16688916
524;2010-09-08;-0.29279822
525;2010-09-09;-0.6730455
526;2010-09-10;-0.41501254
527;2010-09-13;-0.39027658
528;2010-09-14;-0.72359174
529;2010-09-15;-0.21600083
530;2010-09-16;-0.11861887
531;2010-09-17;-0.56153184
532;2010-09-20;-0.5043229
533;2010-09-21;-0.25470382
534;2010-09-22;-0.51833856
535;2010-09-23;-0.22398993
536;2010-09-24;-0.7429965
537;2010-09-27;-0.5511642
538;2010-09-28;-0.4603147
539;2010-09-29;-0.21398301
540;2010-09-30;-0.2699194
541;2010-10-01;-0.49936587
542;2010-10-04;-0.6933046
543;2010-10-05;-0.51135534
544;2010-10-06;-0.03143331
545;2010-10-07;-0.35109466
546;2010-10-08;-0.4634989
547;2010-10-11;-0.67974865
548;2010-10-12;-0.4162385
549;2010-10-13;-0.38252673
550;2010-10-14;-0.42835584
551;2010-10-15;-0.46758118
552;2010-10-18;-0.2575423
553;2010-10-19;-0.37301275
554;2010-10-20;-0.08799424
555;2010-10-21;-0.6423839
556;2010-10-22;-0.5305666
557;2010-10-25;-0.4500536
558;2010-10-26;-0.366208
559;2010-10-27;0.06207311
560;2010-10-28;-0.48139334
561;2010-10-29;-0.2899746
562;2010-11-01;-0.5287292
563;2010-11-02;-0.6266936
564;2010-11-03;-0.40102547
565;2010-11-04;-0.4537034
566;2010-11-05;-0.4880027
567;2010-11-08;-0.5575851
568;2010-11-09;-0.5271178
569;2010-11-10;-0.08492885
570;2010-11-11;-0.41302815
571;2010-11-12;-0.35719308
572;2010-11-15;-0.5127819
573;2010-11-16;-0.1394021
574;2010-11-17;-0.4723549
575;2010-11-18;-0.5856813
576;2010-11-19;-0.43617973
577;2010-11-22;-0.329676
578;2010-11-23;-0.5952157
579;2010-11-24;-0.7447577
580;2010-11-26;-0.43628508
581;2010-11-29;-0.27453497
582;2010-11-30;-0.17986381
583;2010-12-01;-0.20642562
584;2010-12-02;-0.22993615
585;2010-12-03;-0.47821584
586;2010-12-06;-0.2560846
587;2010-12-07;-0.48386723
588;2010-12-08;-0.6042348
589;2010-12-09;-0.58101714
590;2010-12-10;-0.25458717
591;2010-12-13;-0.43553266
592;2010-12-14;-0.7000526
593;2010-12-15;-0.3971358
594;2010-12-16;-0.47110382
595;2010-12-17;-0.033296388
596;2010-12-20;-0.2500275
597;2010-12-21;-0.33426887
598;2010-12-22;0.11745633
599;2010-12-23;-0.48589048
600;2010-12-27;-0.08032507
601;2010-12-28;-0.1355427
602;2010-12-29;-0.55923146
603;2010-12-30;-0.45404166
604;2010-12-31;-0.52744496
605;2011-01-03;-0.20890021
606;2011-01-04;-0.25835848
607;2011-01-05;-0.14798433
608;2011-01-06;-0.02024943
609;2011-01-07;-0.3911566
610;2011-01-10;-0.55423975
611;2011-01-11;-0.71028006
612;2011-01-12;-0.4242645
613;2011-01-13;-0.5708978
614;2011-01-14;-0.20466784
615;2011-01-18;-0.16727707
616;2011-01-19;-0.3454526
617;2011-01-20;-0.29212782
618;2011-01-21;-0.31870788
619;2011-01-24;-0.36950946
620;2011-01-25;-0.2498763
621;2011-01-26;-0.6671018
622;2011-01-27;-0.27598596
623;2011-01-28;-0.2827958
624;2011-01-31;-0.41895586
625;2011-02-01;-0.32460588
626;2011-02-02;-0.3778944
627;2011-02-03;-0.43849796
628;2011-02-04;-0.2619906
629;2011-02-07;-0.571622
630;2011-02-08;-0.13253261
631;2011-02-09;-0.301102
632;2011-02-10;-0.37558076
633;2011-02-11;-0.18209715
634;2011-02-14;-0.6340593
635;2011-02-15;-0.6092977
636;2011-02-16;-0.5501445
637;2011-02-17;-0.49753207
638;2011-02-18;-0.5005329
639;2011-02-22;-0.6599339
640;2011-02-23;-0.3288447
641;2011-02-24;-0.40171337
642;2011-02-25;-0.56594455
643;2011-02-28;-0.14331909
644;2011-03-01;-0.11910862
645;2011-03-02;-0.13999173
646;2011-03-03;-0.6113008
647;2011-03-04;-0.25937343
648;2011-03-07;-0.26152325
649;2011-03-08;-0.10639183
650;2011-03-09;-0.68083084
651;2011-03-10;-0.39514932
652;2011-03-11;-0.2648347
653;2011-03-14;-0.3400038
654;2011-03-15;-0.18609872
655;2011-03-16;-0.3489984
656;2011-03-17;-0.22599216
657;2011-03-18;-0.13264152
658;2011-03-21;-0.5916863
659;2011-03-22;-0.76299083
660;2011-03-23;-0.1946432
661;2011-03-24;-0.3923818
662;2011-03-25;-0.490869
663;2011-03-28;-0.4295079
664;2011-03-29;-0.4133998
665;2011-03-30;-0.50509185
666;2011-03-31;-0.1055873
667;2011-04-01;-0.5664519
668;2011-04-04;-0.11098413
669;2011-04-05;-0.5869783
670;2011-04-06;-0.44609803
671;2011-04-07;-0.18908374
672;2011-04-08;-0.1480405
673;2011-04-11;-0.3007808
674;2011-04-12;-0.2896132
675;2011-04-13;-0.042448886
676;2011-04-14;-0.52683127
677;2011-04-15;-0.6893743
678;2011-04-18;-0.5579195
679;2011-04-19;-0.057968922
680;2011-04-20;-0.18990205
681;2011-04-21;-0.7266955
682;2011-04-25;-0.63470215
683;2011-04-26;-0.42862016
684;2011-04-27;-0.2968057
685;2011-04-28;-0.21632402
686;2011-04-29;-0.45631704
687;2011-05-02;-0.47640052
688;2011-05-03;-0.32171914
689;2011-05-04;-0.3431729
690;2011-05-05;-0.40252954
691;2011-05-06;-0.36654788
692;2011-05-09;-0.63365734
693;2011-05-10;-0.17171118
694;2011-05-11;-0.069227494
695;2011-05-12;-0.38361055
696;2011-05-13;-0.5392113
697;2011-05-16;-0.15681897
698;2011-05-17;-0.12921831
699;2011-05-18;-0.4362665
700;2011-05-19;-0.43845743
701;2011-05-20;-0.3970608
702;2011-05-23;-0.62285244
703;2011-05-24;-0.5314684
704;2011-05-25;-0.49271527
705;2011-05-26;-0.5060215
706;2011-05-27;-0.30917594
707;2011-05-31;-0.5939952
708;2011-06-01;-0.66377056
709;2011-06-02;-0.51719064
710;2011-06-03;-0.46919078
711;2011-06-06;-0.4356936
712;2011-06-07;-0.25241274
713;2011-06-08;-0.0724041
714;2011-06-09;-0.4180777
715;2011-06-10;-0.7021185
716;2011-06-13;-0.43568358
717;2011-06-14;-0.23459241
718;2011-06-15;-0.23256989
719;2011-06-16;-0.4305579
720;2011-06-17;-0.47512278
721;2011-06-20;-0.4816906
722;2011-06-21;-0.41828704
723;2011-06-22;-0.44910327
724;2011-06-23;-0.37817293
725;2011-06-24;-0.26467627
726;2011-06-27;-0.21503286
727;2011-06-28;-0.07835578
728;2011-06-29;-0.32336023
729;2011-06-30;-0.6602267
730;2011-07-01;-0.31719822
731;2011-07-05;-0.6558078
732;2011-07-06;-0.5615857
733;2011-07-07;-0.2607661
734;2011-07-08;-0.4219542
735;2011-07-11;-0.84839594
736;2011-07-12;-0.4682445
737;2011-07-13;-0.4011694
738;2011-07-14;-0.56418395
739;2011-07-15;-0.14873733
740;2011-07-18;-0.42129126
741;2011-07-19;-0.514332
742;2011-07-20;-0.29540586
743;2011-07-21;-0.42636052
744;2011-07-22;-0.5601665
745;2011-07-25;-0.33971152
746;2011-07-26;0.1445223
747;2011-07-27;-0.16899487
748;2011-07-28;-0.75594425
749;2011-07-29;-0.007969737
750;2011-08-01;-0.56983185
751;2011-08-02;-0.28853664
752;2011-08-03;-0.3407063
753;2011-08-04;-0.26148978
754;2011-08-05;-0.7046371
755;2011-08-08;-0.57015944
756;2011-08-09;-0.21974914
757;2011-08-10;-0.60429263
758;2011-08-11;-0.5051988
759;2011-08-12;-0.4579904
760;2011-08-15;-0.30917543
761;2011-08-16;-0.6244121
762;2011-08-17;-0.684587
763;2011-08-18;-0.32661524
764;2011-08-19;-0.48564506
765;2011-08-22;-0.22733629
766;2011-08-23;-0.36332884
767;2011-08-24;-0.16155669
768;2011-08-25;-0.6537176
769;2011-08-26;-0.52139837
770;2011-08-29;-0.511803
771;2011-08-30;-0.1742049
772;2011-08-31;-0.45066276
773;2011-09-01;-0.67187583
774;2011-09-02;-0.42554903
775;2011-09-06;-0.36696705
776;2011-09-07;-0.5890323
777;2011-09-08;-0.13915919
778;2011-09-09;-0.5850993
779;2011-09-12;-0.3289564
780;2011-09-13;-0.31454977
781;2011-09-14;-0.63711333
782;2011-09-15;-0.45053524
783;2011-09-16;-0.1644372
784;2011-09-19;-0.22032256
785;2011-09-20;-0.5232008
786;2011-09-21;-0.488089
787;2011-09-22;-0.58249
788;2011-09-23;-0.33448452
789;2011-09-26;-0.3217426
790;2011-09-27;-0.3790132
791;2011-09-28;-0.21353039
792;2011-09-29;-0.23473641
793;2011-09-30;-0.054738857
794;2011-10-03;-0.054151952
795;2011-10-04;-0.17879438
796;2011-10-05;-0.392001
797;2011-10-06;-0.3576417
798;2011-10-07;-0.226809
799;2011-10-10;-0.7566298
800;2011-10-11;-0.4097742
801;2011-10-12;-0.23692814
802;2011-10-13;-0.54143125
803;2011-10-14;-0.3410278
804;2011-10-17;-0.48424134
805;2011-10-18;-0.1610463
806;2011-10-19;-0.50215256
807;2011-10-20;-0.45598134
808;2011-10-21;-0.4582711
809;2011-10-24;0.08177405
810;2011-10-25;-0.4970582
811;2011-10-26;-0.6439694
812;2011-10-27;-0.5272251
813;2011-10-28;-0.5293051
814;2011-10-31;-0.554528
815;2011-11-01;-0.081197
816;2011-11-02;-0.28154176
817;2011-11-03;-0.5034941
818;2011-11-04;-0.2204864
819;2011-11-07;-0.45605808
820;2011-11-08;-0.25274518
821;2011-11-09;-0.2687314
822;2011-11-10;-0.47528043
823;2011-11-11;-0.77416277
824;2011-11-14;-0.57252866
825;2011-11-15;-0.19010727
826;2011-11-16;-0.81445855
827;2011-11-17;-0.3027625
828;2011-11-18;-0.25017944
829;2011-11-21;-0.8527365
830;2011-11-22;-0.57217485
831;2011-11-23;-0.52942353
832;2011-11-25;-0.4704697
833;2011-11-28;-0.6133653
834;2011-11-29;-0.6754384
835;2011-11-30;-0.566249
836;2011-12-01;-0.37844443
837;2011-12-02;-0.53386104
838;2011-12-05;-0.57878983
839;2011-12-06;-0.2157455
840;2011-12-07;-0.48595938
841;2011-12-08;-0.41952786
842;2011-12-09;-0.33529165
843;2011-12-12;-0.32516652
844;2011-12-13;-0.3557765
845;2011-12-14;-0.7536484
846;2011-12-15;-0.7489508
847;2011-12-16;-0.5487348
848;2011-12-19;-0.29411155
849;2011-12-20;-0.62691367
850;2011-12-21;-0.7404025
851;2011-12-22;-0.40555
852;2011-12-23;-0.20838046
853;2011-12-27;-0.73284155
854;2011-12-28;-0.502977
855;2011-12-29;-0.32067674
856;2011-12-30;-0.3021844
857;2012-01-03;-0.633355
858;2012-01-04;-0.5774702
859;2012-01-05;-0.4470454
860;2012-01-06;-0.26139688
861;2012-01-09;-0.5592431
862;2012-01-10;-0.5053453
863;2012-01-11;-0.74970865
864;2012-01-12;-0.46001816
865;2012-01-13;-0.39912513
866;2012-01-17;-0.08478947
867;2012-01-18;-0.8053446
868;2012-01-19;-0.47797322
869;2012-01-20;-0.31073546
870;2012-01-23;-0.20728156
871;2012-01-24;-0.35418785
872;2012-01-25;-0.34072876
873;2012-01-26;-0.5135927
874;2012-01-27;-0.3352872
875;2012-01-30;-0.28389215
876;2012-01-31;-0.4489116
877;2012-02-01;-0.7635745
878;2012-02-02;-0.34604964
879;2012-02-03;-0.48162332
880;2012-02-06;-0.71707237
881;2012-02-07;-0.48020023
882;2012-02-08;-0.37763694
883;2012-02-09;-0.49433637
884;2012-02-10;-0.49396402
885;2012-02-13;-0.44233924
886;2012-02-14;-0.2696311
887;2012-02-15;-0.41877633
888;2012-02-16;-0.56288826
889;2012-02-17;-0.27203995
890;2012-02-21;-0.6039101
891;2012-02-22;-0.7413951
892;2012-02-23;-0.44881186
893;2012-02-24;-0.5694682
894;2012-02-27;-0.14966199
895;2012-02-28;-0.50844795
896;2012-02-29;-0.5900364
897;2012-03-01;-0.117091514
898;2012-03-02;-0.21709915
899;2012-03-05;-0.12359651
900;2012-03-06;-0.5329806
901;2012-03-07;-0.32866886
902;2012-03-08;-0.39318925
903;2012-03-09;-0.5429381
904;2012-03-12;-0.5208693
905;2012-03-13;-0.22401866
906;2012-03-14;-0.51033556
907;2012-03-15;-0.19729188
908;2012-03-16;-0.5661938
909;2012-03-19;-0.4744832
910;2012-03-20;-0.11713374
911;2012-03-21;-0.363187
912;2012-03-22;-0.63630277
913;2012-03-23;-0.5332983
914;2012-03-26;-0.077105865
915;2012-03-27;-0.39413184
916;2012-03-28;-0.26745707
917;2012-03-29;-0.42542678
918;2012-03-30;-0.4042243
919;2012-04-02;-0.12577465
920;2012-04-03;-0.40620238
921;2012-04-04;-0.5997087
922;2012-04-05;-0.65494007
923;2012-04-09;-0.2126812
924;2012-04-10;-0.5786523
925;2012-04-11;-0.35637647
926;2012-04-12;-0.51546556
927;2012-04-13;-0.42787042
928;2012-04-16;-0.42677766
929;2012-04-17;-0.56608605
930;2012-04-18;-0.25172845
931;2012-04-19;-0.7567731
932;2012-04-20;-0.56370234
933;2012-04-23;-0.42303118
934;2012-04-24;0.15598959
935;2012-04-25;-0.6058701
936;2012-04-26;-0.50406003
937;2012-04-27;-0.22050095
938;2012-04-30;-0.009167159
939;2012-05-01;-0.36595288
940;2012-05-02;-0.48292416
941;2012-05-03;-0.12833555
942;2012-05-04;-0.546251
943;2012-05-07;-0.16102222
944;2012-05-08;-0.11970325
945;2012-05-09;0.37466604
946;2012-05-10;-0.07129438
947;2012-05-11;-0.52955073
948;2012-05-14;-0.45721835
949;2012-05-15;-0.32931915
950;2012-05-16;-0.5607542
951;2012-05-17;-0.58968735
952;2012-05-18;0.1419299
953;2012-05-21;-0.7196425
954;2012-05-22;-0.6498232
955;2012-05-23;-0.46267524
956;2012-05-24;-0.31241646
957;2012-05-25;-0.2570985
958;2012-05-29;-0.82649755
959;2012-05-30;-0.33394235
960;2012-05-31;-0.30778188
961;2012-06-01;-0.4496593
962;2012-06-04;-0.4724718
963;2012-06-05;-0.50406724
964;2012-06-06;-0.23424175
965;2012-06-07;-0.3563586
966;2012-06-08;-0.5813169
967;2012-06-11;-0.42763323
968;2012-06-12;-0.31739077
969;2012-06-13;-0.55974835
970;2012-06-14;-0.53519857
971;2012-06-15;-0.40574855
972;2012-06-18;-0.59444255
973;2012-06-19;-0.29913035
974;2012-06-20;-0.57705706
975;2012-06-21;0.087331966
976;2012-06-22;-0.33787635
977;2012-06-25;-0.07032426
978;2012-06-26;-0.6940667
979;2012-06-27;-0.5063401
980;2012-06-28;-0.46399155
981;2012-06-29;-0.34389564
982;2012-07-02;-0.06570327
983;2012-07-03;-0.5612948
984;2012-07-05;-0.2458888
985;2012-07-06;-0.66562444
986;2012-07-09;-0.33128542
987;2012-07-10;-0.16227432
988;2012-07-11;-0.49050602
989;2012-07-12;-0.3942039
990;2012-07-13;-0.46972427
991;2012-07-16;-0.5718396
992;2012-07-17;-0.1679826
993;2012-07-18;-0.8468174
994;2012-07-19;-0.59407806
995;2012-07-20;-0.26682466
996;2012-07-23;-0.5874739
997;2012-07-24;-0.59888905
998;2012-07-25;-0.48166275
999;2012-07-26;-0.20852344
1000;2012-07-27;-0.105685875
1001;2012-07-30;-0.3697137
1002;2012-07-31;-0.6298618
1003;2012-08-01;0.02598455
1004;2012-08-02;-0.21686873
1005;2012-08-03;-0.17075038
1006;2012-08-06;-0.5299391
1007;2012-08-07;-0.32099468
1008;2012-08-08;-0.59627783
1009;2012-08-09;-0.40529528
1010;2012-08-10;-0.59897083
1011;2012-08-13;-0.17584129
1012;2012-08-14;-0.56209666
1013;2012-08-15;0.0642698
1014;2012-08-16;-0.6932088
1015;2012-08-17;-0.44932303
1016;2012-08-20;-0.37642437
1017;2012-08-21;-0.51136726
1018;2012-08-22;-0.74338645
1019;2012-08-23;-0.3838079
1020;2012-08-24;-0.042086232
1021;2012-08-27;-0.67014015
1022;2012-08-28;-0.3170778
1023;2012-08-29;-0.277833
1024;2012-08-30;-0.5704713
1025;2012-08-31;-0.5459606
1026;2012-09-04;-0.27873862
1027;2012-09-05;-0.52450126
1028;2012-09-06;-0.31656748
1029;2012-09-07;-0.60882974
1030;2012-09-10;-0.13246033
1031;2012-09-11;-0.05986128
1032;2012-09-12;-0.6711908
1033;2012-09-13;-0.5775012
1034;2012-09-14;-0.46261173
1035;2012-09-17;-0.43154868
1036;2012-09-18;-0.0015002966
1037;2012-09-19;-0.59853333
1038;2012-09-20;-0.08466619
1039;2012-09-21;-0.36347842
1040;2012-09-24;-0.529671
1041;2012-09-25;-0.6394272
1042;2012-09-26;0.022298086
1043;2012-09-27;-0.27437907
1044;2012-09-28;-0.13469994
1045;2012-10-01;-0.60301626
1046;2012-10-02;-0.6104873
1047;2012-10-03;-0.39056844
1048;2012-10-04;-0.3825404
1049;2012-10-05;-0.46716318
1050;2012-10-08;-0.45906144
1051;2012-10-09;-0.78577864
1052;2012-10-10;-0.29310018
1053;2012-10-11;-0.65851784
1054;2012-10-12;-0.18726845
1055;2012-10-15;-0.30314374
1056;2012-10-16;-0.36926705
1057;2012-10-17;-0.7719542
1058;2012-10-18;-0.70370305
1059;2012-10-19;-0.2897093
1060;2012-10-22;-0.39733315
1061;2012-10-23;-0.5023934
1062;2012-10-24;-0.62500983
1063;2012-10-25;-0.51759386
1064;2012-10-26;-0.7379526
1065;2012-10-31;-0.34465477
1066;2012-11-01;-0.53830963
1067;2012-11-02;-0.49546748
1068;2012-11-05;-0.4597856
1069;2012-11-06;-0.26597697
1070;2012-11-07;-0.33209834
1071;2012-11-08;-0.40778574
1072;2012-11-09;-0.5300013
1073;2012-11-12;-0.46519408
1074;2012-11-13;-0.76625603
1075;2012-11-14;-0.17248349
1076;2012-11-15;-0.6766544
1077;2012-11-16;-0.50489396
1078;2012-11-19;-0.38802442
1079;2012-11-20;-0.8582802
1080;2012-11-21;-0.4335875
1081;2012-11-23;-0.37391108
1082;2012-11-26;-0.67886436
1083;2012-11-27;-0.29070157
1084;2012-11-28;-0.2626803
1085;2012-11-29;-0.099142775
1086;2012-11-30;-0.33235878
1087;2012-12-03;-0.39760447
1088;2012-12-04;-0.32258207
1089;2012-12-05;-0.7985749
1090;2012-12-06;-0.35627353
1091;2012-12-07;-0.3900177
1092;2012-12-10;-0.6689954
1093;2012-12-11;-0.5840303
1094;2012-12-12;-0.0671497
1095;2012-12-13;-0.46719742
1096;2012-12-14;-0.5832055
1097;2012-12-17;-0.4624253
1098;2012-12-18;-0.46658316
1099;2012-12-19;-0.27597108
1100;2012-12-20;-0.42589393
1101;2012-12-21;-0.334904
1102;2012-12-24;-0.7575281
1103;2012-12-26;-0.5462446
1104;2012-12-27;-0.5179024
1105;2012-12-28;-0.6551659
1106;2012-12-31;-0.3273331
1107;2013-01-02;-0.0014778196
1108;2013-01-03;-0.19458638
1109;2013-01-04;-0.5334781
1110;2013-01-07;-0.7364469
1111;2013-01-08;-0.5975333
1112;2013-01-09;-0.5483147
1113;2013-01-10;-0.49639088
1114;2013-01-11;-0.43878785
1115;2013-01-14;-0.24305236
1116;2013-01-15;-0.45847195
1117;2013-01-16;-0.5905701
1118;2013-01-17;-0.2285974
1119;2013-01-18;0.024046922
1120;2013-01-22;-0.34644824
1121;2013-01-23;-0.35819227
1122;2013-01-24;-0.47879758
1123;2013-01-25;-0.51280266
1124;2013-01-28;-0.4836027
1125;2013-01-29;-0.39101195
1126;2013-01-30;-0.40716633
1127;2013-01-31;-0.3403743
1128;2013-02-01;-0.42071137
1129;2013-02-04;-0.16918044
1130;2013-02-05;-0.42732567
1131;2013-02-06;-0.17725873
1132;2013-02-07;-0.38114327
1133;2013-02-08;-0.54320776
1134;2013-02-11;-0.38048726
1135;2013-02-12;-0.70767635
1136;2013-02-13;0.029274803
1137;2013-02-14;-0.56472796
1138;2013-02-15;-0.20867582
1139;2013-02-19;-0.47013372
1140;2013-02-20;-0.63956684
1141;2013-02-21;-0.5248812
1142;2013-02-22;-0.314593
1143;2013-02-25;-0.2016317
1144;2013-02-26;-0.4957463
1145;2013-02-27;-0.55250823
1146;2013-02-28;-0.37640777
1147;2013-03-01;-0.39097184
1148;2013-03-04;-0.5984141
1149;2013-03-05;-0.45301628
1150;2013-03-06;-0.3370853
1151;2013-03-07;-0.54421884
1152;2013-03-08;-0.55429476
1153;2013-03-11;-0.7053983
1154;2013-03-12;0.10514845
1155;2013-03-13;-0.06434111
1156;2013-03-14;0.11267509
1157;2013-03-15;-0.48104495
1158;2013-03-18;-0.11173554
1159;2013-03-19;-0.5069449
1160;2013-03-20;-0.664883
1161;2013-03-21;-0.6453413
1162;2013-03-22;-0.26683113
1163;2013-03-25;-0.17556675
1164;2013-03-26;-0.38498434
1165;2013-03-27;-0.35395968
1166;2013-03-28;-0.18145612
1167;2013-04-01;-0.66707003
1168;2013-04-02;-0.063962206
1169;2013-04-03;-0.13967952
1170;2013-04-04;-0.5779414
1171;2013-04-05;-0.3320396
1172;2013-04-08;-0.28268418
1173;2013-04-09;-0.40469494
1174;2013-04-10;-0.54983133
1175;2013-04-11;-0.5772609
1176;2013-04-12;0.29990706
1177;2013-04-15;-0.22322035
1178;2013-04-16;-0.8381592
1179;2013-04-17;-0.3105087
1180;2013-04-18;-0.7316248
1181;2013-04-19;-0.24266088
1182;2013-04-22;-0.076025404
1183;2013-04-23;-0.3928874
1184;2013-04-24;-0.56896824
1185;2013-04-25;-0.4182704
1186;2013-04-26;-0.06305692
1187;2013-04-29;-0.6356478
1188;2013-04-30;-0.41232863
1189;2013-05-01;-0.47940096
1190;2013-05-02;-0.37935337
1191;2013-05-03;-0.2615701
1192;2013-05-06;-0.42137432
1193;2013-05-07;-0.6655826
1194;2013-05-08;-0.2971119
1195;2013-05-09;-0.39195195
1196;2013-05-10;-0.36580366
1197;2013-05-13;-0.739113
1198;2013-05-14;-0.12210854
1199;2013-05-15;-0.39528406
1200;2013-05-16;-0.40433294
1201;2013-05-17;-0.73770213
1202;2013-05-20;-0.56347877
1203;2013-05-21;-0.3963233
1204;2013-05-22;-0.36777216
1205;2013-05-23;-0.41218776
1206;2013-05-24;-0.8343574
1207;2013-05-28;-0.86095047
1208;2013-05-29;0.021497564
1209;2013-05-30;-0.4445714
1210;2013-05-31;-0.24202299
1211;2013-06-03;-0.49344125
1212;2013-06-04;-0.5269637
1213;2013-06-05;-0.72159207
1214;2013-06-06;-0.3526337
1215;2013-06-07;-0.037780188
1216;2013-06-10;-0.15087855
1217;2013-06-11;-0.26195535
1218;2013-06-12;-0.26523942
1219;2013-06-13;-0.42963463
1220;2013-06-14;-0.16273424
1221;2013-06-17;-0.6399232
1222;2013-06-18;-0.636905
1223;2013-06-19;-0.69343626
1224;2013-06-20;-0.708693
1225;2013-06-21;-0.23822165
1226;2013-06-24;-0.5799083
1227;2013-06-25;-0.41774195
1228;2013-06-26;-0.564563
1229;2013-06-27;-0.049400616
1230;2013-06-28;-0.5697172
1231;2013-07-01;-0.56039083
1232;2013-07-02;-0.43949404
1233;2013-07-03;-0.8158636
1234;2013-07-05;-0.39231616
1235;2013-07-08;-0.46652025
1236;2013-07-09;-0.38633794
1237;2013-07-10;-0.24536231
1238;2013-07-11;-0.37240228
1239;2013-07-12;-0.08030069
1240;2013-07-15;-0.2634705
1241;2013-07-16;-0.60806024
1242;2013-07-17;-0.2304995
1243;2013-07-18;-0.2019091
1244;2013-07-19;-0.74179125
1245;2013-07-22;-0.43781462
1246;2013-07-23;-0.60327554
1247;2013-07-24;-0.423318
1248;2013-07-25;-0.2869927
1249;2013-07-26;-0.3332364
1250;2013-07-29;-0.17742081
1251;2013-07-30;0.029328614
1252;2013-07-31;-0.32768875
1253;2013-08-01;-0.1549897
1254;2013-08-02;-0.5781922
1255;2013-08-05;-0.42312154
1256;2013-08-06;-0.51926005
1257;2013-08-07;-0.3416248
1258;2013-08-08;-0.44943395
1259;2013-08-09;-0.3583911
1260;2013-08-12;-0.60329425
1261;2013-08-13;-0.4487024
1262;2013-08-14;-0.3017188
1263;2013-08-15;-0.7155239
1264;2013-08-16;-0.4686745
1265;2013-08-19;-0.54510343
1266;2013-08-20;-0.33734655
1267;2013-08-21;-0.67319745
1268;2013-08-22;-0.7594122
1269;2013-08-23;-0.3664928
1270;2013-08-26;-0.41394025
1271;2013-08-27;-0.51156884
1272;2013-08-28;0.21036907
1273;2013-08-29;0.20532317
1274;2013-08-30;-0.71935683
1275;2013-09-03;-0.07975181
1276;2013-09-04;-0.14608337
1277;2013-09-05;-0.46660218
1278;2013-09-06;-0.7454389
1279;2013-09-09;-0.52774084
1280;2013-09-10;-0.36661595
1281;2013-09-11;-0.06563039
1282;2013-09-12;-0.049719736
1283;2013-09-13;-0.40448627
1284;2013-09-16;-0.4167881
1285;2013-09-17;-0.3273601
1286;2013-09-18;-0.36182427
1287;2013-09-19;-0.53555775
1288;2013-09-20;-0.35378218
1289;2013-09-23;-0.37051135
1290;2013-09-24;-0.5226046
1291;2013-09-25;-0.20634261
1292;2013-09-26;0.03938508
1293;2013-09-27;-0.33970052
1294;2013-09-30;-0.28722176
1295;2013-10-01;-0.2800854
1296;2013-10-02;-0.6605239
1297;2013-10-03;-0.64957
1298;2013-10-04;-0.43563375
1299;2013-10-07;-0.21273175
1300;2013-10-08;-0.07254684
1301;2013-10-09;-0.23071358
1302;2013-10-10;-0.4183281
1303;2013-10-11;-0.30023038
1304;2013-10-14;-0.103555456
1305;2013-10-15;-0.2825837
1306;2013-10-16;-0.55998915
1307;2013-10-17;-0.21644306
1308;2013-10-18;-0.49495786
1309;2013-10-21;-0.3412032
1310;2013-10-22;-0.3819441
1311;2013-10-23;-0.54384476
1312;2013-10-24;-0.31370673
1313;2013-10-25;-0.41617912
1314;2013-10-28;-0.46518916
1315;2013-10-29;-0.25631768
1316;2013-10-30;-0.40577683
1317;2013-10-31;-0.26506212
1318;2013-11-01;-0.163983
1319;2013-11-04;-0.5212585
1320;2013-11-05;-0.41324764
1321;2013-11-06;-0.29469708
1322;2013-11-07;-0.48703608
1323;2013-11-08;-0.4596893
1324;2013-11-11;-0.41925687
1325;2013-11-12;-0.54914993
1326;2013-11-13;-0.2110568
1327;2013-11-14;-0.68677413
1328;2013-11-15;-0.71161443
1329;2013-11-18;-0.53865606
1330;2013-11-19;-0.44238734
1331;2013-11-20;-0.08770762
1332;2013-11-21;0.0027689696
1333;2013-11-22;-0.12719359
1334;2013-11-25;-0.75266993
1335;2013-11-26;-0.4458769
1336;2013-11-27;-0.68570894
1337;2013-11-29;-0.26243752
1338;2013-12-02;-0.5631381
1339;2013-12-03;-0.40751895
1340;2013-12-04;-0.25428864
1341;2013-12-05;-0.33552712
1342;2013-12-06;-0.35633653
1343;2013-12-09;-0.33584377
1344;2013-12-10;-0.32353702
1345;2013-12-11;-0.48662296
1346;2013-12-12;-0.6456765
1347;2013-12-13;-0.7233315
1348;2013-12-16;-0.15020746
1349;2013-12-17;-0.29325598
1350;2013-12-18;-0.7039639
1351;2013-12-19;-0.6050149
1352;2013-12-20;-0.7238574
1353;2013-12-23;-0.72314876
1354;2013-12-24;-0.22046205
1355;2013-12-26;-0.12927973
1356;2013-12-27;-0.2703529
1357;2013-12-30;-0.67183626
1358;2013-12-31;-0.35912755
1359;2014-01-02;-0.41675884
1360;2014-01-03;-0.5017284
1361;2014-01-06;-0.67126954
1362;2014-01-07;-0.6650125
1363;2014-01-08;-0.22802594
1364;2014-01-09;-0.54792273
1365;2014-01-10;-0.5253373
1366;2014-01-13;-0.33323628
1367;2014-01-14;-0.27421504
1368;2014-01-15;-0.28223923
1369;2014-01-16;-0.61588895
1370;2014-01-17;-0.3833432
1371;2014-01-21;-0.7554813
1372;2014-01-22;-0.5598933
1373;2014-01-23;-0.64692175
1374;2014-01-24;-0.29683357
1375;2014-01-27;-0.23826142
1376;2014-01-28;-0.156375
1377;2014-01-29;-0.53529423
1378;2014-01-30;-0.52351624
1379;2014-01-31;-0.39373797
1380;2014-02-03;-0.40910578
1381;2014-02-04;-0.5839681
1382;2014-02-05;-0.21328855
1383;2014-02-06;-0.4745168
1384;2014-02-07;-0.3559971
1385;2014-02-10;-0.38591486
1386;2014-02-11;-0.47833252
1387;2014-02-12;-0.83536994
1388;2014-02-13;-0.81042796
1389;2014-02-14;-0.72741973
1390;2014-02-18;-0.5864965
1391;2014-02-19;-0.29121065
1392;2014-02-20;-0.66936255
1393;2014-02-21;-0.52210206
1394;2014-02-24;-0.07738449
1395;2014-02-25;-0.4095409
1396;2014-02-26;-0.5223919
1397;2014-02-27;-0.35473546
1398;2014-02-28;-0.44320565
1399;2014-03-03;-0.6038058
1400;2014-03-04;-0.5115396
1401;2014-03-05;-0.45148915
1402;2014-03-06;0.007883698
1403;2014-03-07;-0.65915287
1404;2014-03-10;-0.6105984
1405;2014-03-11;-0.44756413
1406;2014-03-12;-0.5820602
1407;2014-03-13;-0.35028118
1408;2014-03-14;-0.40750414
1409;2014-03-17;-0.3686989
1410;2014-03-18;-0.09508671
1411;2014-03-19;-0.4559955
1412;2014-03-20;0.01695445
1413;2014-03-21;-0.20151165
1414;2014-03-24;-0.2237277
1415;2014-03-25;-0.3369832
1416;2014-03-26;-0.20390908
1417;2014-03-27;-0.29768747
1418;2014-03-28;-0.23662265
1419;2014-03-31;-0.22381374
1420;2014-04-01;-0.8122055
1421;2014-04-02;-0.744011
1422;2014-04-03;-0.2105099
1423;2014-04-04;-0.3920626
1424;2014-04-07;-0.640055
1425;2014-04-08;-0.1427915
1426;2014-04-09;-0.39031985
1427;2014-04-10;0.029121071
1428;2014-04-11;0.016445804
1429;2014-04-14;-0.106550075
1430;2014-04-15;0.1198172
1431;2014-04-16;-0.42868114
1432;2014-04-17;-0.1009474
1433;2014-04-21;-0.3262841
1434;2014-04-22;-0.59721744
1435;2014-04-23;-0.24207993
1436;2014-04-24;-0.45758772
1437;2014-04-25;-0.6948258
1438;2014-04-28;-0.37826958
1439;2014-04-29;-0.53176826
1440;2014-04-30;-0.52572334
1441;2014-05-01;-0.52504414
1442;2014-05-02;-0.13855615
1443;2014-05-05;0.06356661
1444;2014-05-06;-0.059001364
1445;2014-05-07;-0.21882017
1446;2014-05-08;-0.6785253
1447;2014-05-09;-0.11786914
1448;2014-05-12;-0.49210677
1449;2014-05-13;-0.34372908
1450;2014-05-14;-0.5353117
1451;2014-05-15;-0.5681008
1452;2014-05-16;-0.87186176
1453;2014-05-19;-0.6759338
1454;2014-05-20;-0.37216008
1455;2014-05-21;-0.28958568
1456;2014-05-22;-0.16934496
1457;2014-05-23;-0.48961157
1458;2014-05-27;-0.19165412
1459;2014-05-28;-0.43525115
1460;2014-05-29;-0.6284865
1461;2014-05-30;-0.77750033
1462;2014-06-02;-0.21562557
1463;2014-06-03;-0.168457
1464;2014-06-04;-0.48708352
1465;2014-06-05;-0.34928474
1466;2014-06-06;-0.31237987
1467;2014-06-09;-0.47248024
1468;2014-06-10;-0.47255713
1469;2014-06-11;-0.34151402
1470;2014-06-12;-0.36126584
1471;2014-06-13;-0.030982684
1472;2014-06-16;-0.21876955
1473;2014-06-17;-0.21659598
1474;2014-06-18;-0.567809
1475;2014-06-19;-0.5752014
1476;2014-06-20;-0.34821194
1477;2014-06-23;-0.5952849
1478;2014-06-24;-0.4984885
1479;2014-06-25;-0.43617082
1480;2014-06-26;-0.4014286
1481;2014-06-27;-0.56803477
1482;2014-06-30;-0.4828085
1483;2014-07-01;-0.14202447
1484;2014-07-02;-0.40395933
1485;2014-07-03;-0.19291523
1486;2014-07-07;-0.67350423
1487;2014-07-08;-0.5903819
1488;2014-07-09;-0.43993354
1489;2014-07-10;-0.65618795
1490;2014-07-11;-0.2444832
1491;2014-07-14;-0.04649069
1492;2014-07-15;-0.36654884
1493;2014-07-16;-0.43580204
1494;2014-07-17;-0.25761262
1495;2014-07-18;-0.57636833
1496;2014-07-21;-0.75454855
1497;2014-07-22;-0.6407207
1498;2014-07-23;-0.7088746
1499;2014-07-24;-0.36001217
1500;2014-07-25;-0.534062
1501;2014-07-28;-0.43584624
1502;2014-07-29;-0.48413897
1503;2014-07-30;-0.5614896
1504;2014-07-31;-0.55008364
1505;2014-08-01;-0.7400788
1506;2014-08-04;-0.19095764
1507;2014-08-05;-0.3931273
1508;2014-08-06;-0.74917454
1509;2014-08-07;-0.27942416
1510;2014-08-08;-0.613381
1511;2014-08-11;-0.61498135
1512;2014-08-12;-0.39010993
1513;2014-08-13;-0.13868973
1514;2014-08-14;-0.6000136
1515;2014-08-15;-0.6908504
1516;2014-08-18;-0.549981
1517;2014-08-19;-0.6159352
1518;2014-08-20;-0.30905634
1519;2014-08-21;-0.45561057
1520;2014-08-22;-0.7545503
1521;2014-08-25;-0.15747799
1522;2014-08-26;-0.5945302
1523;2014-08-27;-0.53306234
1524;2014-08-28;-0.2959531
1525;2014-08-29;-0.5124337
1526;2014-09-02;-0.38720265
1527;2014-09-03;-0.5933565
1528;2014-09-04;-0.31971362
1529;2014-09-05;-0.2968256
1530;2014-09-08;-0.34734377
1531;2014-09-09;-0.3348847
1532;2014-09-10;-0.33191654
1533;2014-09-11;-0.15655217
1534;2014-09-12;-0.251667
1535;2014-09-15;-0.5800659
1536;2014-09-16;-0.54706097
1537;2014-09-17;-0.28082675
1538;2014-09-18;-0.45876175
1539;2014-09-19;-0.55564165
1540;2014-09-22;-0.24396214
1541;2014-09-23;-0.21577835
1542;2014-09-24;0.19921173
1543;2014-09-25;-0.11460824
1544;2014-09-26;-0.2976942
1545;2014-09-29;-0.52998924
1546;2014-09-30;-0.5606746
1547;2014-10-01;-0.27753776
1548;2014-10-02;-0.448788
1549;2014-10-03;-0.60123307
1550;2014-10-06;-0.64496267
1551;2014-10-07;-0.16920105
1552;2014-10-08;-0.1116424
1553;2014-10-09;-0.28877035
1554;2014-10-10;-0.58018017
1555;2014-10-13;-0.23077598
1556;2014-10-14;-0.39279166
1557;2014-10-15;-0.62145966
1558;2014-10-16;0.06526425
1559;2014-10-17;-0.44548267
1560;2014-10-20;-0.5354238
1561;2014-10-21;-0.12811439
1562;2014-10-22;-0.17405224
1563;2014-10-23;-0.45268402
1564;2014-10-24;-0.4169917
1565;2014-10-27;-0.8067911
1566;2014-10-28;-0.4296568
1567;2014-10-29;-0.20328459
1568;2014-10-30;-0.2781157
1569;2014-10-31;-0.3628712
1570;2014-11-03;-0.37600634
1571;2014-11-04;-0.40961152
1572;2014-11-05;-0.58836627
1573;2014-11-06;-0.14283934
1574;2014-11-07;-0.47759962
1575;2014-11-10;-0.48911452
1576;2014-11-11;-0.22563228
1577;2014-11-12;-0.58656186
1578;2014-11-13;-0.3348619
1579;2014-11-14;-0.3341236
1580;2014-11-17;-0.30478182
1581;2014-11-18;-0.5634703
1582;2014-11-19;-0.2729898
1583;2014-11-20;-0.46271047
1584;2014-11-21;-0.4196108
1585;2014-11-24;-0.55189836
1586;2014-11-25;-0.44893914
1587;2014-11-26;-0.5005709
1588;2014-11-28;-0.24326344
1589;2014-12-01;-0.28962788
1590;2014-12-02;-0.5302803
1591;2014-12-03;-0.40302053
1592;2014-12-04;-0.26335138
1593;2014-12-05;-0.6659442
1594;2014-12-08;-0.81670606
1595;2014-12-09;-0.5493001
1596;2014-12-10;-0.4421277
1597;2014-12-11;0.03534148
1598;2014-12-12;-0.45811683
1599;2014-12-15;-0.53777933
1600;2014-12-16;-0.43610948
1601;2014-12-17;-0.4339676
1602;2014-12-18;-0.38618308
1603;2014-12-19;-0.5211948
1604;2014-12-22;-0.20597704
1605;2014-12-23;-0.74987155
1606;2014-12-24;-0.7547337
1607;2014-12-26;-0.40763417
1608;2014-12-29;-0.51509905
1609;2014-12-30;-0.57733506
1610;2014-12-31;-0.38459474
1611;2015-01-02;-0.43600735
1612;2015-01-05;-0.1457195
1613;2015-01-06;-0.36537918
1614;2015-01-07;-0.31092325
1615;2015-01-08;-0.6221782
1616;2015-01-09;-0.4321339
1617;2015-01-12;-0.54090595
1618;2015-01-13;-0.29449585
1619;2015-01-14;-0.49654168
1620;2015-01-15;-0.35271057
1621;2015-01-16;-0.6165987
1622;2015-01-20;-0.4282863
1623;2015-01-21;-0.22478369
1624;2015-01-22;-0.62866765
1625;2015-01-23;-0.5338756
1626;2015-01-26;-0.7385968
1627;2015-01-27;-0.56166
1628;2015-01-28;-0.21531041
1629;2015-01-29;-0.5616448
1630;2015-01-30;-0.6169022
1631;2015-02-02;-0.1097831
1632;2015-02-03;-0.44652542
1633;2015-02-04;-0.601565
1634;2015-02-05;-0.48961434
1635;2015-02-06;-0.49444222
1636;2015-02-09;-0.45567656
1637;2015-02-10;-0.547168
1638;2015-02-11;-0.21112177
1639;2015-02-12;-0.36519632
1640;2015-02-13;-0.5888627
1641;2015-02-17;-0.61170125
1642;2015-02-18;-0.31303647
1643;2015-02-19;-0.58109105
1644;2015-02-20;-0.59974676
1645;2015-02-23;-0.13968757
1646;2015-02-24;-0.15399761
1647;2015-02-25;-0.2749142
1648;2015-02-26;-0.6414836
1649;2015-02-27;-0.20129812
1650;2015-03-02;-0.23068447
1651;2015-03-03;-0.23417377
1652;2015-03-04;-0.37594804
1653;2015-03-05;-0.5912894
1654;2015-03-06;-0.090614185
1655;2015-03-09;-0.49227533
1656;2015-03-10;-0.62350136
1657;2015-03-11;-0.3681088
1658;2015-03-12;-0.3611645
1659;2015-03-13;-0.26548377
1660;2015-03-16;-0.26047653
1661;2015-03-17;-0.07547827
1662;2015-03-18;-0.24511568
1663;2015-03-19;-0.25864488
1664;2015-03-20;-0.025264
1665;2015-03-23;-0.722775
1666;2015-03-24;-0.583411
1667;2015-03-25;0.00020358265
1668;2015-03-26;-0.2476795
1669;2015-03-27;-0.10552466
1670;2015-03-30;-0.48462886
1671;2015-03-31;-0.49524435
1672;2015-04-01;-0.20961985
1673;2015-04-02;-0.69731027
1674;2015-04-06;-0.6743272
1675;2015-04-07;-0.613834
1676;2015-04-08;-0.49056745
1677;2015-04-09;-0.23200431
1678;2015-04-10;0.14784695
1679;2015-04-13;0.20184653
1680;2015-04-14;-0.21235201
1681;2015-04-15;-0.3577975
1682;2015-04-16;-0.35868102
1683;2015-04-17;-0.6440445
1684;2015-04-20;-0.48064104
1685;2015-04-21;-0.21686175
1686;2015-04-22;-0.08803813
1687;2015-04-23;-0.32763356
1688;2015-04-24;-0.15327133
1689;2015-04-27;0.07374282
1690;2015-04-28;-0.20182014
1691;2015-04-29;-0.52440584
1692;2015-04-30;-0.49924454
1693;2015-05-01;-0.52739555
1694;2015-05-04;-0.44802466
1695;2015-05-05;-0.51306474
1696;2015-05-06;-0.16314846
1697;2015-05-07;-0.101265036
1698;2015-05-08;-0.14826886
1699;2015-05-11;-0.4092524
1700;2015-05-12;-0.4333096
1701;2015-05-13;-0.17341635
1702;2015-05-14;-0.7285259
1703;2015-05-15;-0.28798404
1704;2015-05-18;-0.13690273
1705;2015-05-19;-0.6856778
1706;2015-05-20;-0.32334074
1707;2015-05-21;-0.22791596
1708;2015-05-22;-0.11906676
1709;2015-05-26;-0.51575434
1710;2015-05-27;-0.58378863
1711;2015-05-28;-0.7079383
1712;2015-05-29;-0.39731246
1713;2015-06-01;-0.48729783
1714;2015-06-02;-0.053622194
1715;2015-06-03;-0.4121965
1716;2015-06-04;-0.124991
1717;2015-06-05;-0.40908295
1718;2015-06-08;-0.14212702
1719;2015-06-09;-0.42829052
1720;2015-06-10;-0.16287197
1721;2015-06-11;-0.121769086
1722;2015-06-12;-0.13008526
1723;2015-06-15;-0.6017758
1724;2015-06-16;-0.32431364
1725;2015-06-17;-0.34219906
1726;2015-06-18;-0.6236231
1727;2015-06-19;-0.37032777
1728;2015-06-22;-0.35512272
1729;2015-06-23;-0.57121706
1730;2015-06-24;-0.24736242
1731;2015-06-25;-0.35625237
1732;2015-06-26;-0.5164111
1733;2015-06-29;-0.259374
1734;2015-06-30;-0.5155977
1735;2015-07-01;0.1673733
1736;2015-07-02;-0.4234684
1737;2015-07-06;-0.67047274
1738;2015-07-07;-0.83690584
1739;2015-07-08;-0.19668245
1740;2015-07-09;-0.52279
1741;2015-07-10;-0.16095999
1742;2015-07-13;-0.50422114
1743;2015-07-14;0.074234106
1744;2015-07-15;-0.25500566
1745;2015-07-16;0.25754184
1746;2015-07-17;-0.3146403
1747;2015-07-20;-0.051263403
1748;2015-07-21;-0.46054626
1749;2015-07-22;-0.6920744
1750;2015-07-23;-0.3854882
1751;2015-07-24;-0.07180383
1752;2015-07-27;-0.3780311
1753;2015-07-28;-0.5759517
1754;2015-07-29;-0.855665
1755;2015-07-30;-0.68055874
1756;2015-07-31;-0.4988672
1757;2015-08-03;-0.25780806
1758;2015-08-04;-0.5391556
1759;2015-08-05;-0.3228595
1760;2015-08-06;-0.6616005
1761;2015-08-07;-0.55153257
1762;2015-08-10;-0.4233231
1763;2015-08-11;-0.24588332
1764;2015-08-12;-0.7259131
1765;2015-08-13;-0.59874403
1766;2015-08-14;-0.41900712
1767;2015-08-17;-0.5204385
1768;2015-08-18;-0.62445754
1769;2015-08-19;-0.5533586
1770;2015-08-20;-0.22110184
1771;2015-08-21;-0.3182434
1772;2015-08-24;-0.72292197
1773;2015-08-25;-0.2719968
1774;2015-08-26;-0.11766203
1775;2015-08-27;-0.6303625
1776;2015-08-28;-0.68467724
1777;2015-08-31;-0.2563612
1778;2015-09-01;-0.0827715
1779;2015-09-02;-0.08010638
1780;2015-09-03;-0.42776957
1781;2015-09-04;-0.21644345
1782;2015-09-08;-0.5112848
1783;2015-09-09;-0.31841704
1784;2015-09-10;-0.36797553
1785;2015-09-11;-0.39875808
1786;2015-09-14;-0.6088375
1787;2015-09-15;-0.56374204
1788;2015-09-16;-0.33584628
1789;2015-09-17;-0.3310794
1790;2015-09-18;-0.72402984
1791;2015-09-21;-0.52904797
1792;2015-09-22;-0.48160523
1793;2015-09-23;0.19395658
1794;2015-09-24;-0.62689054
1795;2015-09-25;-0.7121395
1796;2015-09-28;-0.32831287
1797;2015-09-29;-0.13155419
1798;2015-09-30;-0.36452088
1799;2015-10-01;-0.592286
1800;2015-10-02;-0.28505722
1801;2015-10-05;-0.20120275
1802;2015-10-06;-0.5505914
1803;2015-10-07;-0.27851343
1804;2015-10-08;-0.49150234
1805;2015-10-09;-0.5333322
1806;2015-10-12;-0.23406704
1807;2015-10-13;-0.20188081
1808;2015-10-14;-0.61525023
1809;2015-10-15;-0.2853923
1810;2015-10-16;-0.46398124
1811;2015-10-19;-0.66023046
1812;2015-10-20;0.06607542
1813;2015-10-21;-0.26801506
1814;2015-10-22;-0.26824996
1815;2015-10-23;-0.51942635
1816;2015-10-26;-0.52426016
1817;2015-10-27;-0.584223
1818;2015-10-28;-0.8138178
1819;2015-10-29;-0.058424525
1820;2015-10-30;-0.5623875
1821;2015-11-02;-0.23000836
1822;2015-11-03;-0.4751936
1823;2015-11-04;-0.20571974
1824;2015-11-05;-0.057089586
1825;2015-11-06;-0.52947295
1826;2015-11-09;-0.34997505
1827;2015-11-10;-0.51061314
1828;2015-11-11;-0.12069552
1829;2015-11-12;-0.20647189
1830;2015-11-13;-0.1758751
1831;2015-11-16;-0.31296712
1832;2015-11-17;-0.29893613
1833;2015-11-18;-0.017150462
1834;2015-11-19;-0.7070399
1835;2015-11-20;0.014001399
1836;2015-11-23;-0.6087983
1837;2015-11-24;-0.4593579
1838;2015-11-25;-0.57366705
1839;2015-11-27;-0.52362233
1840;2015-11-30;-0.17255548
1841;2015-12-01;-0.47451204
1842;2015-12-02;-0.4791306
1843;2015-12-03;-0.09232558
1844;2015-12-04;-0.094863035
1845;2015-12-07;-0.22901979
1846;2015-12-08;-0.14098474
1847;2015-12-09;-0.39303383
1848;2015-12-10;-0.49663
1849;2015-12-11;-0.3501069
1850;2015-12-14;-0.6483494
1851;2015-12-15;-0.19011268
1852;2015-12-16;-0.5788519
1853;2015-12-17;-0.28957638
1854;2015-12-18;-0.24559936
1855;2015-12-21;-0.41737238
1856;2015-12-22;-0.059898414
1857;2015-12-23;-0.2823904
1858;2015-12-24;-0.54890215
1859;2015-12-28;-0.36834034
1860;2015-12-29;-0.57490915
1861;2015-12-30;-0.50347424
1862;2015-12-31;-0.23666883
1863;2016-01-04;-0.6062507
1864;2016-01-05;-0.58360827
1865;2016-01-06;-0.87511694
1866;2016-01-07;-0.6970278
1867;2016-01-08;-0.66699344
1868;2016-01-11;-0.6590456
1869;2016-01-12;-0.7493528
1870;2016-01-13;-0.0121446075
1871;2016-01-14;-0.6967897
1872;2016-01-15;-0.45855182
1873;2016-01-19;-0.794946
1874;2016-01-20;-0.18991467
1875;2016-01-21;-0.5253895
1876;2016-01-22;-0.6370928
1877;2016-01-25;-0.14393859
1878;2016-01-26;-0.6734777
1879;2016-01-27;-0.47306615
1880;2016-01-28;-0.7039223
1881;2016-01-29;-0.52389264
1882;2016-02-01;-0.48062104
1883;2016-02-02;-0.7472297
1884;2016-02-03;-0.2609178
1885;2016-02-04;-0.58392847
1886;2016-02-05;-0.4135024
1887;2016-02-08;-0.54605424
1888;2016-02-09;-0.20562544
1889;2016-02-10;-0.789631
1890;2016-02-11;-0.7312622
1891;2016-02-12;-0.43125066
1892;2016-02-16;-0.3776927
1893;2016-02-17;-0.5611881
1894;2016-02-18;-0.5791429
1895;2016-02-19;-0.28273278
1896;2016-02-22;-0.7389766
1897;2016-02-23;-0.23655763
1898;2016-02-24;0.0002826929
1899;2016-02-25;-0.36601302
1900;2016-02-26;-0.24858952
1901;2016-02-29;-0.48435324
1902;2016-03-01;-0.09309417
1903;2016-03-02;-0.5426065
1904;2016-03-03;-0.51288235
1905;2016-03-04;-0.59882176
1906;2016-03-07;-0.09465377
1907;2016-03-08;-0.19535711
1908;2016-03-09;-0.31501263
1909;2016-03-10;-0.7963844
1910;2016-03-11;-0.3371316
1911;2016-03-14;-0.06539073
1912;2016-03-15;-0.50422925
1913;2016-03-16;-0.2712738
1914;2016-03-17;-0.5347397
1915;2016-03-18;-0.8504776
1916;2016-03-21;-0.3276392
1917;2016-03-22;-0.6413954
1918;2016-03-23;-0.623783
1919;2016-03-24;-0.48636216
1920;2016-03-28;-0.5714238
1921;2016-03-29;-0.47129077
1922;2016-03-30;-0.3510854
1923;2016-03-31;-0.43406028
1924;2016-04-01;-0.57443917
1925;2016-04-04;-0.29552168
1926;2016-04-05;-0.5374348
1927;2016-04-06;-0.22904363
1928;2016-04-07;0.050764073
1929;2016-04-08;-0.38709807
1930;2016-04-11;-0.28929406
1931;2016-04-12;-0.2004667
1932;2016-04-13;-0.30967277
1933;2016-04-14;-0.23917635
1934;2016-04-15;-0.83660775
1935;2016-04-18;-0.7189084
1936;2016-04-19;-0.5489436
1937;2016-04-20;-0.695089
1938;2016-04-21;-0.31347203
1939;2016-04-22;-0.07289823
1940;2016-04-25;-0.63570106
1941;2016-04-26;-0.46458465
1942;2016-04-27;-0.29083157
1943;2016-04-28;-0.58559215
1944;2016-04-29;-0.55828035
1945;2016-05-02;-0.6304621
1946;2016-05-03;-0.2695009
1947;2016-05-04;-0.55454934
1948;2016-05-05;-0.3137854
1949;2016-05-06;0.09689641
1950;2016-05-09;-0.30432248
1951;2016-05-10;-0.22678074
1952;2016-05-11;-0.522327
1953;2016-05-12;-0.52420735
1954;2016-05-13;-0.5114466
1955;2016-05-16;-0.2195957
1956;2016-05-17;0.20477352
1957;2016-05-18;-0.43968526
1958;2016-05-19;-0.64935887
1959;2016-05-20;-0.5458418
1960;2016-05-23;-0.52704704
1961;2016-05-24;-0.42985183
1962;2016-05-25;-0.28056058
1963;2016-05-26;-0.34064054
1964;2016-05-27;-0.7288885
1965;2016-05-31;-0.5788859
1966;2016-06-01;-0.7486196
1967;2016-06-02;-0.18911521
1968;2016-06-03;-0.46415186
1969;2016-06-06;-0.5816716
1970;2016-06-07;-0.28024954
1971;2016-06-08;-0.7087852
1972;2016-06-09;-0.46044245
1973;2016-06-10;-0.86235714
1974;2016-06-13;-0.5423491
1975;2016-06-14;-0.45908886
1976;2016-06-15;-0.32784614
1977;2016-06-16;-0.09696053
1978;2016-06-17;-0.58930194
1979;2016-06-20;-0.22520414
1980;2016-06-21;-0.557093
1981;2016-06-22;-0.19225658
1982;2016-06-23;-0.40731955
1983;2016-06-24;-0.35169196
1984;2016-06-27;-0.33286747
1985;2016-06-28;-0.30283847
1986;2016-06-29;-0.4002211
1987;2016-06-30;-0.45625335
1988;2016-07-01;-0.21911983
